# word	frequency
casa	200000
trabalho	199950
relatório	199900
projeto	199850
projetos	199800
obra	199750
obras	199700
inspeção	199650
inspeções	199600
manutenção	199550
estrutura	199500
estruturas	199450
betão	199400
aço	199350
madeira	199300
muro	199250
muros	199200
fundação	199150
fundações	199100
terreno	199050
solo	199000
solos	198950
geotecnia	198900
geotécnico	198850
geotécnica	198800
talude	198750
taludes	198700
aterro	198650
aterros	198600
escavação	198550
escavações	198500
drenagem	198450
drenagens	198400
água	198350
águas	198300
tubo	198250
tubos	198200
tubagem	198150
tubagens	198100
ferrovia	198050
ferroviário	198000
ferroviária	197950
linha	197900
linhas	197850
estação	197800
estações	197750
plataforma	197700
plataformas	197650
carril	197600
carris	197550
travessa	197500
travessas	197450
balastro	197400
via	197350
vias	197300
ponte	197250
pontes	197200
túnel	197150
túneis	197100
estrada	197050
estradas	197000
acesso	196950
acessos	196900
edifício	196850
edifícios	196800
cobertura	196750
coberturas	196700
parede	196650
paredes	196600
pavimento	196550
pavimentos	196500
teto	196450
tetos	196400
porta	196350
portas	196300
janela	196250
janelas	196200
desenho	196150
desenhos	196100
planta	196050
plantas	196000
cálculo	195950
cálculos	195900
dimensionamento	195850
resistência	195800
esforço	195750
esforços	195700
momento	195650
momentos	195600
carga	195550
cargas	195500
apoio	195450
apoios	195400
pilar	195350
pilares	195300
viga	195250
vigas	195200
laje	195150
lajes	195100
armadura	195050
armaduras	195000
sapata	194950
sapatas	194900
estaca	194850
estacas	194800
contenção	194750
contenções	194700
estabilidade	194650
segurança	194600
qualidade	194550
material	194500
materiais	194450
equipamento	194400
equipamentos	194350
ferramenta	194300
ferramentas	194250
avaria	194200
avarias	194150
orçamento	194100
orçamentos	194050
preço	194000
preços	193950
custo	193900
custos	193850
valor	193800
valores	193750
documento	193700
documentos	193650
ficheiro	193600
ficheiros	193550
assinatura	193500
digital	193450
aplicação	193400
aplicações	193350
teclado	193300
teclados	193250
dicionário	193200
dicionários	193150
correção	193100
corretor	193050
palavra	193000
palavras	192950
frase	192900
frases	192850
texto	192800
textos	192750
idioma	192700
idiomas	192650
português	192600
inglesa	192550
inglês	192500
italiana	192450
italiano	192400
espanhola	192350
espanhol	192300
francesa	192250
francês	192200
alemã	192150
alemão	192100
hoje	192050
amanhã	192000
ontem	191950
manhã	191900
tarde	191850
noite	191800
semana	191750
mês	191700
ano	191650
reunião	191600
mensagem	191550
mensagens	191500
enviar	191450
receber	191400
verificar	191350
corrigir	191300
melhorar	191250
guardar	191200
abrir	191150
fechar	191100
editar	191050
selecionar	191000
escolher	190950
ativar	190900
desativar	190850
rápido	190800
rápida	190750
responsivo	190700
responsiva	190650
eficiente	190600
eficiência	190550
inteligente	190500
automático	190450
automática	190400
pessoal	190350
privado	190300
privada	190250
técnico	190200
técnica	190150
engenharia	190100
civil	190050
arquitetura	190000
elétrica	189950
hidráulica	189900
canalização	189850
esgoto	189800
sanitário	189750
cozinha	189700
família	189650
escola	189600
estudo	189550
exame	189500
teste	189450
professor	189400
aluno	189350
empresa	189300
cliente	189250
fornecedor	189200
contrato	189150
fatura	189100
pagamento	189050
conta	189000
banco	188950
telefone	188900
telemóvel	188850
computador	188800
tablet	188750
internet	188700
correio	188650
email	188600
endereço	188550
data	188500
hora	188450
minuto	188400
segundo	188350
primeiro	188300
segunda	188250
terceiro	188200
quarta	188150
quinta	188100
sexta	188050
sábado	188000
domingo	187950
janeiro	187900
fevereiro	187850
março	187800
abril	187750
maio	187700
junho	187650
julho	187600
agosto	187550
setembro	187500
outubro	187450
novembro	187400
dezembro	187350
norte	187300
sul	187250
este	187200
oeste	187150
esquerda	187100
direita	187050
cima	187000
baixo	186950
dentro	186900
fora	186850
grande	186800
pequeno	186750
maior	186700
menor	186650
melhor	186600
pior	186550
novo	186500
nova	186450
antigo	186400
antiga	186350
correto	186300
correta	186250
errado	186200
errada	186150
importante	186100
urgente	186050
disponível	186000
possível	185950
necessário	185900
necessária	185850
obrigado	185800
obrigada	185750
favor	185700
porfavor	185650
olá	185600
bom	185550
boa	185500
dia	185450
senhor	185400
senhora	185350
engenheiro	185300
engenheira	185250
agradeço	185200
envio	185150
anexo	185100
anexos	185050
segue	185000
seguem	184950
conforme	184900
relativamente	184850
assunto	184800
informação	184750
informações	184700
situação	184650
estado	184600
estados	184550
concluir	184500
concluído	184450
concluída	184400
pendente	184350
previsto	184300
prevista	184250
realizado	184200
realizada	184150
execução	184100
executado	184050
executada	184000
localização	183950
local	183900
locais	183850
fotografia	183800
fotografias	183750
medição	183700
medições	183650
quantidade	183600
quantidades	183550
unidade	183500
unidades	183450
comprimento	183400
largura	183350
altura	183300
área	183250
volume	183200
peso	183150
quilómetro	183100
quilómetros	183050
metro	183000
metros	182950
centímetro	182900
centímetros	182850
milímetro	182800
milímetros	182750
tonelada	182700
toneladas	182650
acerca	50000
ademais	49999
adeus	49998
agora	49997
ainda	49996
algo	49995
algumas	49994
alguns	49993
ali	49992
além	49991
ambas	49990
ambos	49989
antes	49988
ao	49987
aos	49986
apenas	49985
apoia	49984
apontar	49983
após	49982
aquela	49981
aquelas	49980
aquele	49979
aqueles	49978
aqui	49977
aquilo	49976
as	49975
assim	49974
através	49973
atrás	49972
até	49971
aí	49970
bastante	49969
bem	49968
breve	49967
cada	49966
caminho	49965
catorze	49964
cedo	49963
cento	49962
certamente	49961
certeza	49960
cinco	49959
coisa	49958
com	49957
como	49956
comprida	49955
comprido	49954
conhecida	49953
conhecido	49952
conselho	49951
contra	49950
contudo	49949
corrente	49948
cuja	49947
cujo	49946
custa	49945
cá	49944
da	49943
daquela	49942
daquele	49941
dar	49940
das	49939
de	49938
debaixo	49937
demais	49936
depois	49935
des	49934
desde	49933
dessa	49932
desse	49931
desta	49930
deste	49929
deve	49928
devem	49927
deverá	49926
dez	49925
dezanove	49924
dezasseis	49923
dezassete	49922
dezoito	49921
diante	49920
disso	49919
diz	49918
dizem	49917
dizer	49916
do	49915
dois	49914
dos	49913
doze	49912
duas	49911
dá	49910
dão	49909
ela	49908
elas	49907
ele	49906
eles	49905
em	49904
embora	49903
enquanto	49902
entre	49901
então	49900
era	49899
essa	49898
essas	49897
esse	49896
esses	49895
esta	49894
estar	49893
estará	49892
estas	49891
estava	49890
estes	49889
esteve	49888
estive	49887
estivemos	49886
estiveram	49885
estiveste	49884
estivestes	49883
estou	49882
está	49881
estás	49880
estão	49879
eu	49878
eventual	49877
exemplo	49876
falta	49875
fará	49874
faz	49873
fazeis	49872
fazem	49871
fazemos	49870
fazer	49869
fazes	49868
fazia	49867
faço	49866
fez	49865
fim	49864
final	49863
foi	49862
fomos	49861
for	49860
foram	49859
forma	49858
foste	49857
fostes	49856
fui	49855
geral	49854
grandes	49853
grupo	49852
inclusive	49851
iniciar	49850
inicio	49849
ir	49848
irá	49847
isso	49846
isto	49845
já	49844
lado	49843
lhe	49842
ligado	49841
logo	49840
longe	49839
lugar	49838
lá	49837
maioria	49836
maiorias	49835
mais	49834
mal	49833
mas	49832
me	49831
meio	49830
menos	49829
meses	49828
mesmo	49827
meu	49826
meus	49825
mil	49824
minha	49823
minhas	49822
muito	49821
muitos	49820
máximo	49819
na	49818
nada	49817
naquela	49816
naquele	49815
nas	49814
nem	49813
nenhuma	49812
nessa	49811
nesse	49810
nesta	49809
neste	49808
no	49807
nos	49806
nossa	49805
nossas	49804
nosso	49803
nossos	49802
novas	49801
nove	49800
novos	49799
num	49798
numa	49797
nunca	49796
nuns	49795
não	49794
nível	49793
nós	49792
número	49791
números	49790
oitava	49789
oitavo	49788
oito	49787
onde	49786
onze	49785
ora	49784
os	49783
ou	49782
outra	49781
outras	49780
outros	49779
para	49778
parece	49777
parte	49776
partir	49775
pegar	49774
pela	49773
pelas	49772
pelo	49771
pelos	49770
perto	49769
pode	49768
podem	49767
poder	49766
poderá	49765
podia	49764
pois	49763
ponto	49762
pontos	49761
por	49760
porquanto	49759
porque	49758
porquê	49757
portanto	49756
porém	49755
posição	49754
possivelmente	49753
posso	49752
pouca	49751
pouco	49750
povo	49749
primeira	49748
próprio	49747
próxima	49746
próximo	49745
puderam	49744
pôde	49743
põe	49742
põem	49741
quais	49740
qual	49739
qualquer	49738
quando	49737
quanto	49736
quarto	49735
quatro	49734
que	49733
quem	49732
quer	49731
querem	49730
quero	49729
questão	49728
quieta	49727
quieto	49726
quinto	49725
quinze	49724
quê	49723
relação	49722
sabe	49721
saber	49720
se	49719
sei	49718
seis	49717
sem	49716
sempre	49715
ser	49714
seria	49713
sete	49712
seu	49711
seus	49710
sexto	49709
sim	49708
sistema	49707
sob	49706
sobre	49705
sois	49704
somente	49703
somos	49702
sou	49701
sua	49700
suas	49699
são	49698
sétima	49697
sétimo	49696
só	49695
tais	49694
tal	49693
talvez	49692
também	49691
tanta	49690
tanto	49689
te	49688
tem	49687
temos	49686
tempo	49685
tendes	49684
tenho	49683
tens	49682
tentar	49681
tentaram	49680
tente	49679
tentei	49678
ter	49677
terceira	49676
teu	49675
teus	49674
teve	49673
tipo	49672
tive	49671
tivemos	49670
tiveram	49669
tiveste	49668
tivestes	49667
toda	49666
todas	49665
todo	49664
todos	49663
treze	49662
três	49661
tu	49660
tua	49659
tuas	49658
tudo	49657
tão	49656
têm	49655
um	49654
uma	49653
umas	49652
uns	49651
usa	49650
usar	49649
vai	49648
vais	49647
veja	49646
vem	49645
vens	49644
ver	49643
vez	49642
vezes	49641
vinda	49640
vindo	49639
vinte	49638
você	49637
vocês	49636
vos	49635
vossa	49634
vossas	49633
vosso	49632
vossos	49631
vários	49630
vão	49629
vêm	49628
vós	49627
zero	49626
às	49625
és	49624
último	49623
